start	end	text
0	4720	Have you ever thought about what happens to all the things your computer, you know, almost did?
4840	6560	Oh, that is such a good question.
6900	10620	Right. Because we spend so much time analyzing execution.
11140	13200	We completely obsess over the output.
13360	15440	Yeah, the rendered page, the database query.
15660	17180	Exactly, the final compiled binary.
17720	21020	But if you actually look at the lifecycle of any complex system,
21340	26220	execution is just this tiny, tiny fraction of its reality.
26360	27140	It really is.
27140	29900	Every blocked pop-up, every dropped network packet,
30380	34380	every API request that gets rejected because of some, like, malformed header,
35540	36640	these aren't just errors.
36880	37600	No, they're not.
37720	43360	They are proposed happenings that the system actively decided to quarantine or just straight-up destroy.
43640	43880	Yeah.
44280	49240	And when we look at software strictly as this engine of doing, we miss its primary function.
49720	51920	Software is fundamentally a gatekeeper.
52120	53780	It is a gatekeeper. That's exactly it.
53780	61340	It spends the vast majority of its computational energy just deciding which proposed realities are allowed to cross the threshold into actual reality.
61340	67320	And that concept, it forces a total reorientation of how we view digital architecture.
67320	71000	I mean, the successful outputs are just the survivors.
71220	72000	The survivors, yeah.
72200	77220	If you want to understand the true shape and governance of a system, you have to look at its refusals.
77620	84640	The boundaries of any digital environment are defined entirely by that invisible scaffolding of failed attempts.
84780	89860	But because those refusals rarely generate a user-facing event, we just treat them as ephemeral.
90140	92520	Like, we treat them as if they never existed at all.
92600	92880	Right.
92880	94560	They just vanish into the void.
94760	98640	And that hidden graveyard of refusals is exactly what we are exploring today.
98900	104160	We're doing a deep dive into a frankly brilliant 2026 paper by Flyxion.
104400	105880	Oh, this paper is fantastic.
106200	106700	It really is.
106760	110040	It's titled Selective Continuation in Three Small Programs.
110500	112900	Proposal, Record, Admission, and History.
113280	122200	And what makes this paper so compelling to me is that Flyxion doesn't try to prove these concepts by analyzing some massive, sprawling enterprise architecture.
122200	126300	Right, like a global banking ledger or a hyperscale cloud provider.
126680	127080	Exactly.
127580	138960	Instead, the paper walks us through a theoretical progression using three tiny custom-built command line programs, one written in Go, one in Perl, and one in Rust.
139360	145380	And, you know, the choice to use small custom programs is an incredibly potent analytical tool here.
145820	149240	Flyxion explicitly refers to them as executable witnesses.
149780	150800	Executable witnesses.
150800	151800	I love that phrasing.
151900	162860	It's great because when you analyze a massive enterprise application, the core logic is almost always obscured by, like, millions of lines of framework code and load balancers and middleware.
163040	164840	You just can't see the forest for the trees.
165060	165320	Right.
165380	170140	You can't see the actual decision-making process because it's buried under the sheer weight of dependency management.
170240	170380	Yeah.
170380	174260	But a tiny, isolated program, it exposes its assumptions.
174420	175300	It lays it all bare.
175460	175680	Yeah.
175800	186000	It allows us to observe the raw, exposed nerves of how a system handles execution, how it constructs institutional judgment, and how it fundamentally manages the continuation of history.
186000	187260	Okay, let's unpack this.
187660	196340	Because before Flyxion even introduces the three programs, the paper sets the stage by dismantling a foundational assumption that most of us make about software.
196720	198140	The equivalency illusion.
198380	198620	Yes.
198920	200680	Flyxion calls it the equivalency illusion.
200680	212100	It's this habit we all have of collapsing completely distinct layers of systemic authority into a single binary concept of just, you know, it works or it doesn't work.
212200	214660	Yeah, we just look for the error code or the success message.
214780	215220	Exactly.
216120	220260	But Flyxion formalizes a central refusal of this idea right at the beginning.
220880	226760	They draw a hard line between execution, modeling, legitimacy, and authorization.
226760	236360	It's a necessary dismantling, honestly, because we constantly conflate a program successfully executing a rule with that rule actually being legitimate.
236680	236780	Right.
236980	241000	But Flyxion forces us to separate these layers mathematically and conceptually.
241180	245660	Like a program can execute a function with absolute flawless mathematical perfection.
246100	248640	It can be completely reproducible, totally bug-free.
248760	252200	But the underlying model that the rule is based on might be entirely defective.
252200	252680	Exactly.
253100	259000	And taking it a step further, even if the execution is flawless and the model is accurate, the rule itself might lack legitimacy.
259160	260000	Meaning what, exactly?
260240	265600	Meaning the system simply might not have the jurisdictional authority to enforce that ruling in the first place.
265720	266180	Oh, wow.
266380	266640	Yeah.
267220	275540	And finally, even if the rule is legitimate, the resulting actions still might not be authorized to project an effect into the external world.
275800	277840	I love how Flyxion formalizes this.
277840	286260	It takes that vague unease we all feel when a computer system unfairly denies a request, and it gives it rigorous structural teeth.
286340	287900	It gives us a vocabulary for it.
287960	288280	Right.
288640	297520	So to break apart that conflation, the paper introduces a foundational architecture defining four distinct stages that every action must pass through.
298060	300820	Proposal, record, admission, and continuation.
301240	306920	But, and this is key, before an action can even become a proposal, it has to pass through the ingress operator.
306920	308880	Which the paper represents is the letter Q.
309080	309480	Exactly.
309840	310120	Q.
310500	315560	And the ingress operator is the absolute boundary of the system's recognized reality.
315620	316880	Okay, so break that down for me.
316940	318020	What does that actually look like?
318040	320580	Let's look at the theoretical spaces Flyxion defines here.
320940	325720	You have space X, which represents the infinite universe of all offered inputs.
325840	328080	So that's just, like, everything.
328440	328880	Everything.
329740	336420	Every possible signal, every burst of static on the wire, every malformed string you could possibly throw at a machine.
336420	337180	Pure chaos.
337260	337940	Pure chaos.
338160	343300	Then you have space X, which is a strictly bounded space of finite, well-formed proposals.
344160	348640	And the ingress operator, Q, is the vital membrane between X and I.
348780	350140	So it's filtering the chaos.
350300	350460	Yeah.
350580	356640	Its entire job is framing, size enforcement, syntactic normalization, and authentication.
356640	363920	And the critical detail here is that if a signal fails at the ingress operator, it doesn't return a rejected proposal.
364240	365820	It returns a null state.
365920	366120	Right.
366200	366780	It drops it.
366780	374180	The paper notes that if a byte stream is rejected because it exceeds a size limit or fails a basic checksum, it simply never entered the system.
374340	375840	It was never real to the system.
375840	378280	So it's like trying to get into an exclusive club.
378280	389780	If you walk up to the door speaking absolute gibberish or you refuse to show your ID, the bouncer doesn't pull out a formal ledger and write down, you know, user was denied entry for failing to articulate a request.
389900	390540	No, they don't.
390620	391580	They just ignore you.
391800	394480	They don't log your presence in the club's permanent archives.
394860	396820	You aren't even a recognized applicant yet.
397040	399720	You never crossed the ingress boundary to become a proposal.
400320	402860	That analogy holds, but I would actually push it further.
402860	412820	It's not just that the bouncer ignores you, it's that the club's entire architectural layout is designed so that the security cameras don't even point at the sidewalk.
412960	413500	Oh, man.
413680	413860	Wow.
413900	414080	Right.
414220	418620	The system is structurally blind to anything outside the ingress boundary.
419120	423040	And this brings in the sociological dimensions of Flyxion's argument.
423700	431240	The paper heavily references Adrian McKenzie's concept of code as sociality and Mark C. Marino's work in critical code studies.
431240	432500	I remember reading that part.
432500	437300	Marino basically argues that source code isn't just a set of functional instructions.
437920	442520	It is a text that is overflowing with cultural, political, and rhetorical commitments.
442720	453060	Because the very act of defining the parameters of the ingress operator deciding what constitutes a quote-unquote well-formed proposal is an act of extreme editorial power.
453140	454900	It is the ultimate editorial power.
454900	461860	What the system recognizes as a proposal defines the entirety of what the system is willing to acknowledge even exists.
461860	462560	Precisely.
463120	467540	The boundary of ingress is an institutional boundary disguised as a technical one.
467940	470620	Which brings us to the concept of audit completeness.
470820	471180	Oh, yeah.
471260	472040	This was fascinating.
472380	475860	Because we always hear that robust systems have to have perfect audit logs.
476100	476580	Exactly.
476580	484740	But Flyxion argues that recording only becomes a structural mandate after a proposal crosses that explicit ingress boundary.
485540	491300	A server isn't obligated to permanently archive every random ping it receives from a botnet.
491380	493500	That would just fill up the hard drives instantly.
493660	494520	It would be impossible.
494520	506180	But once the ingress operator validates the syntax and authenticates the user, once it recognizes the signal as a formal proposal within space, I-audit completeness becomes unconditional.
506620	511060	So if the proposal is subsequently denied, that denial must be permanently recorded.
511220	511660	Exactly.
512140	514720	The ingress boundary dictates the threshold of memory.
514720	519420	And that threshold of memory forces a system to commit to an event.
519940	526100	And once a signal becomes a recognized proposal, we arrive at the first true layer of the architecture, operational validity.
526400	527460	Denoted by the letter V.
527660	528240	Right, V.
528860	535540	And this is where Flyxion introduces the first of the executable witnesses, a tiny program written in Go called HelloTool.
535680	538680	And Go is the perfect rhetorical choice for this specific layer.
539060	541600	Flyxion notes that Go supplies austere utility.
541900	542820	Austere utility.
542980	543400	I like that.
543400	548420	It is not a language built for poetic abstraction or, like, magical metaprogramming.
548660	554780	It is built for explicit error handling, rigorous standard library parsing, and conventional metadata.
555120	558100	And the HelloTool program itself is almost painfully mundane.
558300	559280	It is so boring.
559380	562500	It's just a secure starter scaffold for a command line application.
563060	568420	It greets a named user, reports its version, and meticulously rejects malformed flags.
568420	572180	It also includes a management script to build, test, and tag releases.
572180	575220	But its mundane nature is the entire point.
575520	578360	It's not trying to solve some complex business problem.
578780	582620	It's trying to establish an absolute text line for operational boundaries.
583180	588860	The part of this section that immediately stood out to me was Flyxion's mathematical formalization of subtractive security.
589280	590920	Oh, the math here is great.
590920	598960	Because we constantly talk about the principle of least privilege in software engineering, but the paper actually maps it out with a strict monotonic relation.
599260	602140	It gives that principle a rigorous mathematical proof.
602140	612520	So, Flyxion uses the Greek letter gamma to represent the set of capabilities available to a program, and E to denote the reachable external effects of those capabilities.
612660	612820	Right.
612980	613600	Gamma and E.
613900	625880	And the relation states that if the capabilities of program P' are a subset of the capabilities of program P, then the reachable effects of P' are mathematically guaranteed to be a subset of the reachable effects of P.
625880	628300	I mean, it seems obvious on its face, right?
628580	633460	If a program doesn't have network access, it obviously can't leak data over the Internet.
633580	633800	Sure.
633920	634680	It sounds simple.
635100	639440	But Flyxion is making a much sharper critique of modern software development here.
639820	645060	The paper is really pushing back against the whole era of massive dependency accumulation.
645060	646320	Oh, absolutely.
646520	656080	Think about the NPM ecosystem, or the constant parade of supply chain attacks, where some tiny package deep, deep in a dependency tree gets compromised.
656400	657880	And suddenly everything is vulnerable.
658200	658460	Right.
659040	665940	Subtractive security argues that a patch dependency is never as safe as actively removing the dependency entirely.
666320	666560	Right.
666660	667500	Just starve it out.
667960	672060	And HelloTool achieves its security posture through that exact starvation.
672060	676100	It relies exclusively on the GoStandard library.
676740	679140	Zero third-party runtime dependencies.
679840	682560	It is an architectural refusal of external complexity.
683180	691080	By aggressively stripping away capabilities, it reduces the surface area of reachable effects to a manageable, auditable domain.
691380	693580	But Flyxion is careful to bound this claim, aren't they?
693600	694160	Yeah, they are.
694540	698760	The paper explicitly states that this capability removal is a reduction in reachable effect.
698760	702260	It's not a universal proof that everything remaining inside the boundary is safe.
702360	702460	Right.
702500	703580	It's a localized discipline.
703840	704220	Exactly.
704700	709260	It doesn't mean the code is flawless, just that its potential blast radius is strictly contained.
709680	713600	And we see this containment most vividly at the program's release boundary.
714460	717340	This is where HelloTool really proves its point.
717440	718360	At the release script.
718360	723040	So the management script will vet the code, run the tests, and compile the binary.
723560	728520	It will even create a cryptographically signed local git tag to verify the release.
729460	730980	But then it hits a hard stop.
731720	736860	It absolutely refuses to automatically push that tag to a remote server.
737060	740420	And that hard stop is the manifestation of operational validity.
740420	748340	To explain the theoretical weight of this stopping point, Flyxion brings in Helen Nissenbaum's concept of contextual integrity.
748740	750780	Okay, remind me how Nissenbaum frames that.
750960	755920	So Nissenbaum's framework argues that privacy and security aren't about absolute secrecy.
756080	760580	They're about ensuring that information flows appropriately within strictly defined contexts.
760800	761960	Right, context is everything.
762040	762400	Exactly.
762560	768540	A flow that is perfectly appropriate in one context becomes a violation the very moment it crosses into a different one.
768540	778260	Okay, so creating a signed local git tag is an action that is entirely acceptable, and in fact necessary, within the local informational boundary of the developer's machine.
778520	780240	Right, it executes flawlessly there.
780360	791340	But HelloTool recognizes that local validity does not automatically grant the authority to transmit that information across a network boundary to a public repository.
791420	791900	Exactly.
792300	795540	It isolates local preparation from global effect.
795540	802520	It forces the system to require an explicit, separate authorization to bridge those contexts.
802800	804400	Think about when you write an angry email.
805100	807160	The save-as-draft function is a boundary.
807520	808820	Oh, that's a perfect analogy.
809240	809500	Right.
809980	812880	Clicking send crosses into a totally new context.
813460	817320	So HelloTool is basically forcing a system to take a breath before hitting send.
817580	818380	It really is.
818380	827500	It proves that a system can validly execute a complex sequence of operations, record them locally, and still fundamentally lack the mandate to alter the external world.
828020	832720	Operational validity simply determines if an action can execute safely within its defined limits.
832980	834540	Independent of whether it should be broadcast.
834760	835200	Exactly.
835480	836720	Independent of the should.
836980	839920	Which exposes the massive limitation of operational validity.
839920	843300	Because Go just executes the math perfectly and then it stops.
843820	844860	But execution is blind.
845080	845640	Totally blind.
845720	849820	A perfectly executed rule can still be a terrible, unjust rule.
850940	853180	How does the system actually weigh the context?
853860	858580	How does it decide if a validly executed proposal actually deserves to become reality?
859140	863800	And that gap transitions us directly into the second layer of Flyxion's architecture.
864280	864780	Judgment.
864960	866040	Denoted by the letter J.
866260	867000	Yes, J.
867000	870180	And to explore this, the paper shifts entirely.
870600	874620	Introducing the second program, Reality Permit, written in Perl.
874940	879460	And the linguistic shift from Go to Perl is, like, conceptually load-bearing here.
879500	880540	Oh, it absolutely is.
880680	883240	Go was chosen for its austere, strict utility.
883820	886820	Perl, as Flyxion describes it, is a textual machine.
887020	887980	A textual machine.
887980	893100	It's a language historically built for aggressive string manipulation, for interpolating variables
893100	897000	into massive blocks of text, and for assembling complex documents on the fly.
897200	901280	So if you want to generate administrative proclamations and official-sounding edicts and bureaucratic
901280	901860	paperwork...
901860	903980	Perl is rhetorically the perfect tool for the job.
903980	907940	And the program Flyxion builds with it is an incredible piece of technical satire.
907940	913420	I mean, Reality Permit instantiates a fictional bureaucracy called the Ministry of Possible Affairs.
913760	914540	It's so good.
914660	920040	The program's entire function is to ingest a procedurally generated quote-unquote universe
920040	924980	and compute whether that universe is approved or denied by the ministry.
924980	929540	And the satire allows Flyxion to isolate the mechanics of bureaucratic judgment without
929540	932800	getting bogged down in the specifics of real-world policy.
933420	939220	The script evaluates each proposed universe using this highly specific, hard-coded formula.
939500	941760	Okay, walk me through the formula again, because it's hilarious.
941940	945180	So it assigns a score based on three numerical measurements.
945680	948260	Coherence, majesty, and paperwork.
948580	953900	I cannot emphasize enough how much I love that majesty and paperwork are treated as mathematically
953900	957360	equivalent vectors for determining the validity of a universe.
957620	958120	It's amazing.
958260	963500	So it takes the floor of the sum of coherence, majesty, and paperwork and divides it by three
963500	964440	to find the average.
964620	964800	Okay.
965100	969260	But then it adds a flat seven points to the score if an appeal has been lodged, regardless
969260	971700	of the actual content or merit of the appeal.
971700	974440	Just a flat seven points for the existence of an appeal.
974860	975300	Exactly.
975720	980240	And if the final tabulated score is 55 or greater, the universe is granted a permit.
980680	983740	If it falls below 55, the universe is denied.
983900	987520	And the script issues a procedurally generated remedial measure.
988240	993240	And to ensure the system operates consistently, the Pearl script uses a linear congruential
993240	997340	generator, an LCG, initialized by a highly specific seed.
997500	998480	Seed 1982.
998960	1000000	Seed 1982.
1000480	1000620	Right.
1000740	1005200	Because of how the LCG works, a given permit number and appeal state will guarantee the
1005200	1007160	exact same procedural generation.
1007300	1008240	Every single time.
1008240	1013580	It will yield the exact same values for majesty and paperwork and culminate in the exact same
1013580	1014400	final ruling.
1014760	1017700	It is the ultimate manifestation of procedural regularity.
1018160	1023380	Equivalent inputs will, without fail, yield equivalent outputs stretching into infinity.
1023600	1023760	Okay.
1023780	1024900	Here's where it gets really interesting.
1025020	1026740	Let me challenge the premise of the paper here for a moment.
1026740	1027160	Go for it.
1027160	1032880	We spend so much time in technology circles criticizing human bias, like judges who give harsher sentences
1032880	1036160	before lunch, or loan officers who hold implicit prejudices.
1036340	1036460	Right.
1036540	1037760	The noise in human judgment.
1038120	1038620	Exactly.
1039200	1045100	So the Pearl script's formula, driven by Seed 1982, always yields the exact same result
1045100	1046600	for the exact same input.
1047320	1049440	Isn't that the definition of procedural fairness?
1049440	1053580	We rely on algorithms specifically to enforce determinism.
1053780	1058540	If two people submit the exact same universe to the ministry, they get the exact same ruling.
1059000	1063180	Isn't that consistency the very foundation of legitimate administration?
1063860	1066640	That is precisely the trap that Flixin is highlighting.
1066880	1071160	You are observing flawless procedural determinism and mistaking it for legitimacy.
1071580	1075220	And the paper draws a hard, formal line to break that illusion.
1075800	1078520	Let's look at the mechanism of the math Flixin uses here.
1079280	1083680	Determinism of F equals 1 does not imply legitimacy of F equals 1.
1083920	1086520	D-day equals 1 does not imply leg F equals 1.
1086580	1087060	Exactly.
1087260	1091220	A function can be perfectly deterministic, repeating its output with crystalline perfection
1091220	1094000	while lacking any inherent legitimacy whatsoever.
1094280	1097520	Because the code itself has no awareness of justice or context.
1097820	1100920	It only knows that its arbitrariness is perfectly repeatable.
1101060	1101480	Exactly.
1101700	1103560	Look at the internal logic of the ministry's formula.
1103980	1107320	Why is majesty a valid metric for evaluating a reality?
1107320	1113840	Why does an appeal mechanically grant exactly seven points, completely ignoring the textual
1113840	1115140	argument of the appeal itself?
1115680	1118440	Why is the threshold for existence exactly 55?
1118760	1119960	It's completely arbitrary.
1120580	1126260	The determinism of the LCG simply masks the fact that the foundational criteria are entirely
1126260	1127060	fabricated.
1127160	1130000	It's a mathematical execution of pure absurdity.
1130000	1133960	But it doesn't feel absurd when it's codified into a script.
1134280	1139880	And that is where Flixin brings in the sociological framework of Jeffrey C. Boker and Susan Lee Starr,
1140500	1143860	specifically referencing their foundational book, Sorting Things Out.
1144240	1144680	Right book.
1144820	1150320	Boker and Starr analyze how infrastructure works, and their central thesis is that classifications
1150320	1154600	and categories only acquire force when an infrastructure makes them consequential.
1154600	1160220	So a category like majesty is just a whimsical thought experiment until a computational infrastructure
1160220	1162800	uses it to approve or deny a permit.
1163020	1163420	Exactly.
1163900	1166080	The Perl script is a miniature infrastructure.
1166520	1170800	It takes whimsical, arbitrary categories, cements them in code, and converts them into
1170800	1173320	an official ruling with a binding remedial act.
1173600	1175820	Infrastructure makes the invisible consequential.
1175820	1180620	The fact that the Perl script evaluates paperwork isn't just a joke about bureaucracy.
1181320	1185780	It exposes how computation doesn't inherently dismantle bureaucratic absurdity.
1186600	1188740	In many ways, computation perfects it.
1188940	1189660	It automates it.
1189880	1195060	It strips away the human elements of fatigue or discretion and replaces them with an inescapable,
1195300	1197700	flawless execution of arbitrary rules.
1198320	1202440	Flixin points out that there is a unit test in the Perl source code literally named
1202440	1204920	the bureaucracy is deterministic.
1204920	1205880	That's so good.
1206260	1209980	That single test condenses the entire philosophical argument of this layer.
1210480	1214900	The ministry cannot defend its ruling by claiming human discretion, changing circumstances,
1215160	1216140	or moral nuance.
1216580	1219240	Its absurdity is flawlessly repeatable.
1219740	1223460	Determinism without context is just a machine repeating a mistake forever.
1223600	1224160	Exactly.
1224540	1229060	So if determinism isn't the bedrock of legitimacy, what actually bridges that gap?
1229640	1234740	How does a system prove that its judgments are mathematically consistent and institutionally valid?
1234920	1240380	To solve this, Flixin introduces the formal concept of the policy bundle, represented mathematically
1240380	1241880	by the Greek letter pi.
1242120	1242420	Pi.
1242600	1248240	The paper argues that for a decision system to possess actual legitimacy, it must make its
1248240	1251520	surrounding policy context explicit and machine readable.
1252280	1257060	A policy bundle is not just the executable predicate, the code of the rule itself.
1257200	1257400	Right.
1257400	1258940	It's not just the if-them statement.
1258940	1259420	Exactly.
1259420	1264480	The bundle must contain the plain text of the rule, the version history of that rule, the
1264480	1270520	asserted authority enforcing it, the specific jurisdiction it applies to, the temporal interval
1270520	1275880	during which it is effective, and most crucially, a defined procedure for contestation.
1275880	1278460	It has to encode the right to fight back.
1278700	1283440	It has to acknowledge that the rule is situated in a political reality, not just a mathematical
1283440	1283940	vacuum.
1284100	1284360	Yes.
1285040	1289980	Real, robust architectures must define all these parameters because legitimacy is fundamentally
1289980	1290880	a relational property.
1291560	1292540	A relational property.
1292660	1293100	I like that.
1293280	1297780	It is the relationship between a rule, the authority asserting that rule, the subjects affected
1297780	1300300	by it, and the procedures available for review.
1300300	1305780	So a computational system can mathematically verify that the parameters of a policy bundle
1305780	1311140	were applied correctly to a specific input, but computation alone can never answer the
1311140	1315940	prior, deeply political question of whether the authority itself is legitimate.
1316080	1316460	Exactly.
1316840	1323100	And the PERL program, reality permit, deliberately omits the policy bundle to mathematically prove
1323100	1326880	that without that relational context, all you have is repeatable nonsense.
1326880	1331320	This completely reframes how we should look at algorithmic decision-making.
1331840	1336680	When we look at automated credit scoring models, resume filtering algorithms, or content
1336680	1341260	moderation systems, they are all just hyperscaled ministries of possible affairs.
1341380	1342020	They really are?
1342200	1347500	They are generating highly consequential rulings based on arbitrary internal metrics, some hidden
1347500	1352780	seed 1982, often without exposing the policy bundle or the mechanisms for contestation.
1352980	1354100	And that's terrifying.
1354100	1358420	Okay, so a proposal has crossed the ingress boundary, established its operational validity
1358420	1361680	in GO, and received a judgment, however arbitrary in PERL.
1362220	1364200	But what happens after the judgment is rendered?
1364520	1368060	Where does the record of that decision go, especially if the proposal is denied?
1368420	1374160	This is where we reach the final, and in many ways the most profound, layer of Flakassian's
1374160	1376540	architecture, historical continuation.
1376880	1378060	Denoted by the letter A.
1378180	1378420	Right.
1378420	1383880	And to model this, the paper shifts languages one final time, introducing the third program,
1384340	1386520	Counterfactual Git, written in Rust.
1386740	1389220	The choice of Rust here is incredibly deliberate.
1389960	1394460	Rust is famous or infamous, depending on who you ask for, its obsessively strict memory safety,
1394980	1397140	its ownership model, and its borrow checker.
1397140	1404300	It forces the developer to be explicitly, rigidly aware of what data is mutating, who owns that
1404300	1406440	data, and how state transitions occur.
1406540	1410400	Which maps perfectly onto the architectural requirements for managing an immutable historical
1410400	1410900	timeline.
1411560	1416940	You need a language that treats state transition as a deeply protected, tightly regulated event.
1417020	1417340	Exactly.
1417620	1420880	So in Counterfactual Git, the system processes proposed events.
1421060	1425780	Each event contains a year, a subject, a verb, an object, and a cryptographic hash.
1425780	1430180	When a user submits an event, the system attempts to create a commit to the timeline.
1430580	1435080	But the program enforces strict boundaries on what is allowed to enter the operative reality.
1435440	1440600	And the rules for what Flakassian calls causal inadmissibility are fantastic.
1441120	1444500	They read like the laws of physics for a bureaucratic time travel agency.
1444580	1444920	They do.
1445300	1446760	Let's look at the mechanics of these rules.
1447140	1449920	Rule one, a year cannot be occupied twice.
1450460	1453860	So if the timeline already has an accepted event for the year 2026,
1453860	1458100	you cannot submit a new contradictory event for 2026.
1458660	1459960	The temporal space is claimed.
1460280	1460700	Exactly.
1461120	1465180	Rule two, history cannot quietly replace the committee reviewing the history.
1465780	1471280	That specific rule is a brilliant safeguard against temporal paradoxes and institutional erasure.
1471960	1476320	The system mathematically forbids the admission of any event that would retroactively dissolve
1476320	1479620	or replace the very authority currently evaluating the timeline.
1479680	1481280	It requires causal continuity.
1481280	1486460	And rule three, which is genuinely poetic, an apocalypse requires an accepted alibi.
1486620	1487320	I love that one.
1487420	1490700	If a proposed event constitutes an apocalyptic state transition,
1491300	1494940	the system must scan the preceding history to verify that an earlier,
1495360	1498440	legally distinct event established a valid alibi for the participants.
1499200	1502360	If no causal prerequisite exists, the apocalypse is denied.
1502360	1507580	And while the rules are framed comedically, they demonstrate the strict mechanics of path dependence.
1508400	1513520	The admissibility of any proposed event is entirely contingent upon the specific sequence of events
1513520	1515360	that have already been accepted into the history.
1515680	1515720	Right.
1515900	1520780	But the true conceptual breakthrough in this section of the paper isn't just the rules themselves.
1521040	1526600	It is how Flyxion mathematically formalizes the divergence between the documentary history
1526600	1528260	and the operative state.
1528260	1531840	Yes, this is the core mechanic we need to dissect.
1532260	1534440	The paper defines two distinct tracks.
1534880	1538960	We have H, which represents the monotonically increasing documentary history,
1539120	1543240	and we have sigma, which represents the current operative state of reality.
1543440	1544980	Let's walk through the state transition logic.
1545280	1548180	When a proposal is recognized by the ingress operator and evaluated,
1548540	1550520	it receives a recorded disposition.
1550780	1551200	A ruling.
1551200	1558000	At this moment, the documentary history sequence H sub N plus 1 is defined as the previous history,
1558220	1562060	H sub N, appended with the new commit and its disposition.
1562220	1563240	Okay, so it gets added.
1563400	1566240	And this append operation happens unconditionally.
1567220	1572480	Every recognized proposal, whether approved or denied, permanently grows the documentary history.
1572640	1577540	But the operative state sigma sub N plus 1 operates on an entirely different conditional logic.
1577540	1578160	Exactly.
1578580	1582500	The operative state only advances if the admissibility predicate returns true.
1583460	1589240	If the event violates the rules, say, trying to occupy a year twice, the proposal is rejected.
1589800	1592600	The operative state remains entirely unchanged.
1593460	1596780	Sigma sub N plus 1 simply equals sigma sub N.
1597200	1602780	So when an event is rejected, the actual functioning reality of the system, the operative state, doesn't budge.
1603420	1606100	But the failure itself is still perfectly preserved.
1606100	1609200	It is appended to the documentary history track.
1609520	1613340	Let me ground this in a real world infrastructure we all use, the financial system.
1613420	1613840	That's a good example.
1613960	1617880	If I apply for a mortgage or a new credit card, that application is a formal proposal.
1618220	1624940	If the bank's algorithm evaluates my request and denies it, my actual bank account balance, my operative state doesn't change.
1625140	1627380	Right, you don't magically lose money just for applying.
1627760	1628140	Exactly.
1628400	1630640	I don't get the house, I don't get the line of credit.
1630640	1640760	The operative reality remains static, but the record of that denial, the hard inquiry on my credit report, is permanently etched into my documentary history.
1640840	1641960	Oh, that's exactly it.
1642200	1651400	The refusal is recorded in tract, and that recorded refusal will actually influence future evaluations, even though the original transaction never executed.
1652020	1653780	Refusal does not mean erasure.
1653780	1656440	That is an excellent grounding of the concept.
1656880	1663060	The hard inquiry is a perfect example of a recorded disposition in H-A-B-N that failed to alter sigma.
1663660	1669780	And Flyxion argues that understanding this separation is revolutionary for how we design and audit systems.
1670060	1678140	Because we are conditioned to think of history as a unified ledger of everything that is true, we view it as a simple list of the things that successfully happened.
1678140	1683240	But Flyxion mathematically demonstrates that operative history is actually a highly selective projection.
1683740	1689360	It is a narrowly chosen path carved through a vastly larger, more comprehensive field of recorded proposals.
1689560	1691520	The documentary record is the full universe.
1691940	1697040	It contains all the triumphant yeses, but it also contains every single structurally sound no.
1697360	1697760	Yes.
1698180	1700840	And the Rust program maintains this dichotomy perfectly.
1701480	1704840	It maintains a strictly linear, accepted timeline.
1704840	1715440	The operative reality the system inhabits running parallel to a monotonically increasing audit spine containing every single proposal ever submitted.
1715440	1720300	So a rejected proposal isn't just transient garbage data or a fleeting error message.
1720780	1722200	It is retained evidence.
1722640	1730080	It acts as a permanent cryptographic marker showing exactly where the boundaries of acceptable reality were drawn at that specific moment in time.
1730220	1732780	It maps the negative space of the system's logic.
1732780	1737700	But exploring this theoretically immediately brings up a massive physical limitation.
1738000	1738800	The storage problem.
1738940	1739140	Right.
1739620	1753620	If a system's architecture mandates that we unconditionally record every single recognized proposal, including all the billions of rejections, denied access attempts, and failed validations, wouldn't our storage infrastructure eventually collapse under its own weight?
1753740	1754700	It absolutely would.
1754700	1763180	How does the physical reality of silicon and magnetic storage handle the theoretical demand of an infinitely expanding append-only documentary history?
1763180	1767060	So, Flyxion anticipates this exact operational critique.
1767060	1772300	The paper explicitly unvests the tension between logical invariants and physical bounds.
1773200	1785980	The logical mathematical property of an append-only history does not enforce a requirement that every single byte of payload data must remain forever resident in expensive, high-speed primary memory.
1785980	1788300	The paper defines hard physical limits.
1788780	1795420	It sets a bound for ingress capacity, labeled as B-sub-Q, and a bound for online storage, labeled as B-sub-8.
1795460	1795600	Right.
1795820	1800280	It acknowledges that when a system hits those physical bounds, it can't just magically expand.
1800440	1801740	It has to manage the state.
1801900	1804760	And this introduces the cryptographic mechanism of compaction.
1804760	1805280	Yes.
1805780	1812620	When a system needs to verify a new proposal, it doesn't need to read the entire infinite history from the Genesis block every single time.
1813060	1819820	The system can take an older prefix of the documentary history, for example, every record from year 1 to year 1000, and seal it.
1819960	1821740	It archives the bulk data to make room.
1822080	1822440	Yes.
1822700	1826820	But it does so in a way that preserves perfect cryptographic continuity.
1826820	1839740	It moves the heavy bulk data to cold storage, but it leaves behind an authenticated commitment, typically a Merkle root hash, along with the operative state checkpoint at that exact moment, and an observation summary.
1840340	1842400	Blysian formalizes this in equation 19.
1843180	1851640	The archive representation retains the root, the state, the summary, and the specific identifiers for the policy bundles that were in effect during that epoch.
1851640	1857400	So you drastically reduce the physical memory footprint, but you never break the logical chain of custody.
1857400	1865420	If a dispute arises 50 years later, you can retrieve the cold storage data, hash it, and prove that it perfectly matches the root left in active memory.
1865580	1869760	You maintain the absolute integrity of the audit trail without melting the active servers.
1869960	1870480	Precisely.
1870900	1874280	The logic remains unbroken even as the physical medium shifts.
1875020	1881480	And this robust historical tracking leads to one of the most conceptually dense and important ideas in the entire text.
1881640	1883320	The continuation space.
1883320	1889760	Which, Flyxion denotes mathematically as C, parameterized by H, sigma, and pi.
1890340	1896960	The continuation space is the theoretical domain of all presently admissible future events.
1897540	1903040	Now, to be clear, the paper emphasizes that this isn't a literal pre-calculated list, right?
1903080	1909040	The system isn't sitting there generating a database of every single thing that could possibly happen in the next 10 minutes.
1909080	1909760	It couldn't.
1909760	1919740	If a system attempted to pre-calculate and lift all possible valid future states based on current variables, the combinatorial explosion would render the list practically infinite.
1920240	1924600	Instead, Flyxion defines the continuation space as an extensional specification.
1925440	1927800	The system does not generate proposals in advance.
1928160	1929280	Rather, it waits.
1929400	1930160	It just sits there.
1930160	1930880	Exactly.
1931380	1938160	When a specific proposal crosses the ingress boundary and forms in space I, the system subjects it to the admissibility predicate.
1938560	1941560	The system is essentially answering a precise membership question.
1941760	1952240	Does this specific submitted proposal mathematically belong within the continuation space right now give the exact state of our documentary history, our operative state, and the current policy bundle?
1952360	1952780	Exactly.
1952940	1953860	It's a membership test.
1953860	1959840	Let me ask a clarifying question about the mechanics of this because this touches on how systems evolve over time.
1960060	1960180	Sure.
1960520	1967460	If the boundaries of the continuation space are heavily dictated by the current policy bundle, what happens when the rules change?
1967460	1973240	Let's say a new administration takes over the Ministry of Possible Affairs and they update the policy bundle.
1973640	1977400	They add a strict new rule that invalidates certain types of proposals.
1977400	1986140	Does the system have to go back in time and scrub the documentary history to delete all the old records that violate the new rule?
1986240	1986880	Absolutely not.
1987280	1993760	Altering the past to conform to present policy would categorically violate the immutability of the documentary history track.
1993960	1994060	Right.
1994060	1999300	Flickstun addresses this temporal shift through the concept of narrowing interventions.
2000200	2007500	When an authority updates a policy bundle or adds a new restrictive rule, that intervention does not reach backward to alter the past.
2007820	2011440	It simply shrinks the geometry of the continuation space going forward.
2011540	2013720	The text is extremely precise on this point.
2013980	2020880	It states mathematically that an event being absent from the operative history does not imply it is absent from the recorded history.
2020880	2024420	So an event can be rendered entirely obsolete by a new policy.
2025020	2032820	It can become mathematically impossible to execute in the current operative reality, but its historical record remains perfectly intact in the archive.
2033200	2033480	Yes.
2034040	2037560	Persistence fundamentally precedes operative truth.
2037560	2051020	A distinction, a rejected proposal, or a rule that was valid for a brief window can survive as structural information long before or even without ever being selected to become part of the operative reality.
2051020	2068540	It's like analyzing the discarded drafts of a constitutional document or the transcripts of a failed legislative session.
2068540	2077840	Those drafts aren't the operative law, but they tell you exactly what the architects of the system were afraid of, what they debated, and where they drew the lines at that specific moment in history.
2077960	2078440	Exactly.
2078740	2081240	The refusals define the shape of the resulting law.
2081480	2084140	Okay, we've journeyed deep into the mechanics of these three layers.
2084140	2098220	When we pull back and look at the progression from Go to Pearl to Rust, Flyxion seems to be making a much larger, cohesive argument that the fundamental architecture of a system inescapably dictates its relationship with power.
2098480	2101240	That is the ultimate synthesis of Flyxion's work.
2101660	2110720	The paper argues that the choice of language for each of the three executable witnesses wasn't merely a technical convenience, it was a profound rhetorical fit.
2110840	2111060	Right.
2111060	2115680	Go was chosen for its operational legibility and capability reduction.
2116680	2121520	Pearl was chosen for its generative, textural ability to mock bureaucratic absurdity.
2122420	2127060	Rust was chosen for its obsessive, structural enforcement of historical state transitions.
2127060	2131520	The programming languages themselves actively participate in the philosophical argument.
2131820	2138080	And a crucial architectural decision that binds all three programs together is their absolute rejection of dependency accumulation.
2138080	2142700	None of these programs rely on massive, external, third-party libraries.
2142700	2145140	Flyxion calls this an epistemic choice.
2145860	2159080	By refusing external dependencies, the architecture forces anyone auditing the code to trace the entire logical path from raw input all the way to final ruling, without having the core mechanics obscured by a black box framework.
2159080	2160700	Inspectability is not a byproduct.
2160700	2161040	Inspectability is not a byproduct.
2161460	2163540	It is the intended architectural result.
2164080	2169980	And this deep inspectability culminates in the final grand categorical inequality of the paper.
2170240	2170900	Equation 55.
2171220	2171400	Yes.
2171500	2172220	Equation 55.
2172600	2176080	And it acts as the master key for the entire theoretical framework.
2177200	2184560	Existence does not equal recording, which does not equal admission, which does not equal continuation, which does not equal external effect.
2184560	2188340	That one equation maps the entire hidden bureaucracy we've been talking about.
2188440	2189560	Walk me through it one more time.
2189880	2194300	A proposed event can exist in the universe without ever being recorded by the ingress operator.
2194660	2198800	It can be recorded in the documentary history without ever being admitted into the operative state.
2199060	2202880	It can be admitted into the local operative state without continuing the global timeline.
2203480	2208900	And it can continue the timeline locally without ever having an authorized external effect on the outside world.
2209240	2211800	It dismantles the equivalency illusion perfectly.
2211800	2219280	Flyxion ties all of these distinct layers together under the unifying concept of safe power through bounded effect.
2219920	2225580	These three small programs demonstrate how software can instantiate profound restraint.
2226040	2230860	The Pearl Ministry script can compute universe-altering bureaucratic judgments,
2231360	2236500	but it structurally lacks the system permissions to actually alter the host machine it runs on.
2236500	2241560	Right, and the Rust program can simulate complex causal histories and temporal rules,
2241720	2245220	but it only mutates its own isolated-in-memory state.
2245740	2250040	Their restraint is architectural, not merely promised by a terms-of-service agreement.
2250540	2255180	They grant themselves exactly enough computational power to execute their conceptual claim
2255180	2260080	while actively mathematically withholding the ability to cause external consequence.
2260080	2264520	So bringing this all the way back down to Earth, why does this matter to you, the listener,
2264760	2267080	who is just trying to navigate their digital life?
2267360	2270900	It matters because it redefines what we should demand from the technology we use.
2271560	2276060	Building trustworthy software, or even just being an informed citizen in a digital world,
2276400	2278940	isn't just about demanding that a program works correctly.
2279300	2281880	Correct execution is the absolute bare minimum.
2282060	2283060	Right. True.
2283540	2286960	Trustworthy architecture is about explicitly programming restraint.
2286960	2292540	It is about demanding to know what the system refuses, how it structures its policy bundles,
2292960	2297320	and demanding that the system keeps the cryptographic receipts when it says no.
2297840	2302980	Because the shape of our digital world isn't just defined by the conveniences computers provide for us,
2303100	2307600	it is defined rigorously and silently by the boundaries they enforce against us.
2307660	2309240	It is a profound paradigm shift.
2309720	2313540	It moves us from viewing software simply as a utilitarian tool
2313540	2316960	to recognizing software as a highly formalized governance structure.
2317200	2320140	And what a massive journey this paper took us on to prove that point.
2320440	2324300	We started by looking at how a tiny Go program sets severe operational boundaries
2324300	2327940	and refuses to hit SIN automatically, enforcing contextual integrity.
2328260	2333860	We watched a Perl script brilliantly satirize the dangerous, highly consequential gap
2333860	2338380	between procedural determinism and actual justified legitimacy.
2338380	2343520	And we explored how a Rust program separates an immutable, append-only documentary history
2343520	2348480	from the highly selective, narrowly defined, operative reality we actually experience.
2348820	2352400	It provides us with a totally new, highly rigorous vocabulary
2352400	2355620	for analyzing the digital infrastructure around us.
2356120	2359600	The next time you interact with a corporate workflow tool that grays out the submit button,
2360020	2361880	or a banking app that denies a transfer,
2362220	2365400	or a social media platform that silently quarantines a post,
2366020	2367600	you can dissect the interaction.
2367600	2372140	You can ask yourself, which specific mathematical boundary did I just hit?
2372480	2375560	Was it an ingress failure where my signal was never even recognized?
2376080	2379980	Or was my proposal formally recorded, judged against a hidden policy bundle,
2380340	2381400	and denied continuation?
2381760	2386280	And crucially, where does that system keep the documentary record of that refusal?
2386600	2390380	Exactly. It completely changes how you see the invisible walls of the internet.
2390760	2392540	And before we wrap up this deep dive,
2392740	2396440	I want to leave you with one final, slightly chilling thought to mull over.
2396600	2397080	Oh, here we go.
2397080	2400680	It's an extrapolation that builds directly on Flyxion's architecture,
2401020	2402720	but points toward our immediate future.
2403580	2406420	We've established today, mathematically and conceptually,
2406560	2410640	that rejected proposals remain incredibly valuable as structural evidence.
2411340	2417740	The graveyard of refusals maps the exact boundaries of what a system considers an acceptable reality.
2417740	2421340	The refusals define the perimeter of the continuation space.
2421340	2428920	Right. So, if our modern, hyper-skilled software systems are unconditionally recording every single rejected proposal,
2429460	2434020	every malformed request, every denied loan application, every quarantined message,
2434020	2437460	every behavioral outlier that the system flagged and stopped.
2437460	2442520	They are building an unimaginably massive archive of failed continuations.
2442520	2444120	Okay. I see where you're going with this.
2444120	2448820	How long until massive AI systems start looking at that documentary history of refusals,
2449020	2453280	not just as static audit evidence, but as primary high-value training data?
2453280	2455680	It fundamentally shifts the training paradigm.
2456240	2458380	Instead of learning how to mimic successful outputs,
2458460	2460820	a model trained on the documentary history of refusals
2460820	2463720	learns the exact contour of institutional boundaries.
2463720	2469880	It learns exactly what the system fears, what it rejects, and how it defines an invalid reality.
2469900	2470260	Exactly.
2470480	2472400	And what happens when a machine learning model,
2472780	2475020	trained on billions of meticulous rejections,
2475360	2478360	begins to autonomously update the policy bundles?
2478980	2482780	What happens when it uses that massive graveyard of failed continuations
2482780	2486060	to redefine the rules of the ingress operator itself?
2486240	2489540	When the machine learns more from our refusals than our successes,
2490140	2493040	who is really setting the boundaries of the continuation space?
2493040	2496900	When the AI decides what even constitutes a well-formed proposal,
2497620	2500700	it gains the power to decide what parts of human behavior
2500700	2503000	are allowed to exist in the digital record at all.
2503400	2506460	It's the ultimate centralization of the ingress operator.
2506960	2509520	The system wouldn't just be governing the operative reality,
2509680	2512660	it would be preemptively defining the limits of existence.
2512980	2514940	Think about all those things your computer almost did,
2515040	2518940	those denied requests, those blocked actions, those silent refusals.
2519060	2519860	They aren't gone.
2520320	2522040	They are sitting in the documentary history,
2522040	2524060	mapping the edges of our reality,
2524600	2525820	just waiting in the margins.
2526400	2528980	Until next time, thanks for taking the deep dive with us.
